INSERT INTO `ingredients` (`id`, `name`, `category`) VALUES
(1, 'paprika', 'zöldség'),
(2, 'paradicsom', 'zöldség'),
(3, 'vöröshagyma', 'zöldség'),
(4, 'olaj', 'alapvető'),
(5, 'pirospaprika', 'fűszer'),
(6, 'só', 'alapvető'),
(7, 'bors', 'alapvető'),
(8, 'sertéshús', 'hús'),
(9, 'tojás', 'tejtermék'),
(10, 'liszt', 'alapanyagok'),
(11, 'zsemlemorzsa', 'alapanyagok'),
(12, 'piskótalap', 'édesség'),
(13, 'tejszín', 'tejtermék'),
(14, 'cukor', 'alapvető'),
(15, 'vaníliás cukor', 'édesítőszer'),
(16, 'kakaópor', 'fűszer'),
(17, 'rum', 'ital'),
(18, 'darált dió', 'magvak'),
(19, 'mazsola', 'gyümölcs'),
(20, 'csokoládéöntet', 'édesség'),
(21, 'marhahús', 'hús'),
(22, 'burgonya', 'zöldség'),
(23, 'víz', 'alapvető'),
(24, 'tészta', 'alapanyagok'),
(25, 'túró', 'tejtermék'),
(26, 'füstölt szalonna', 'hús'),
(27, 'tejföl', 'tejtermék'),
(28, 'káposzta', 'zöldség'),
(29, 'főtt rizs', 'alapanyagok'),
(30, 'darált hús', 'hús'),
(31, 'zsemle', 'alapanyagok'),
(32, 'mák', 'magvak'),
(33, 'élesztő', 'alapanyagok'),
(34, 'paradicsomszósz', 'alapanyagok'),
(35, 'fokhagyma', 'fűszer'),
(36, 'bazsalikom', 'fűszer'),
(37, 'oregano', 'fűszer'),
(38, 'piskótalap', 'édesség'),
(39, 'tejszín', 'tejtermék'),
(40, 'tojás', 'tejtermék'),
(42, 'liszt', 'alapvető'),
(43, 'vaníliás pudingpor', 'porok'),
(44, 'tej', 'tejtermék'),
(45, 'puha vaj', 'tejtermék'),
(48, 'csokoládé', 'édesség'),
(49, 'apróra vágott dió', 'magvak'),
(50, 'csokoládéreszelék', 'édesség'),
(68, 'almapaprika', 'zöldség'),
(69, 'mozarella', 'sajtok'),
(74, 'főzőtejszín', 'tejtermék'),
(75, 'étcsokoládé', 'csokoládé'),
(76, 'hideg habtejszín', 'tejtermék'),
(77, 'kristálycukor', 'alapvető'),
(78, 'vanília', 'fűszer'),
(79, 'mascarpone', 'tejtermék'),
(80, 'kávé', 'ital'),
(81, 'babapiskóta', 'pékáru'),
(82, 'holland kakaópor', 'fűszer'),
(83, 'szia', 'hello');

INSERT INTO `recipes` (`id`, `title`, `description`, `categories`, `imagelink`, `featured`) VALUES
(1, 'Lecsó', '<p>A hagym&aacute;t apr&oacute;ra v&aacute;gjuk, &eacute;s olajon &uuml;vegesre pir&iacute;tjuk...</p>', 'főétel, vegetáriánus', 'https://minimalistbaker.com/wp-content/uploads/2021/06/EASY-Ratatouille-Versatile-1-Pot-Flavorful-French-inspired-packed-with-summer-vegetables-and-just-10-ingredients-required-minimalistbaker-recipe-plantbased-glutenfree-ratatouille-summer-4.jpg', 0),
(2, 'Rántott Hús', '<p>A h&uacute;st v&eacute;konyra klopfoljuk...</p>', 'főétel, húsétel', 'https://minimalistbaker.com/wp-content/uploads/2023/03/Kimchi-Rice-Fritters-6.jpg', 0),
(3, 'Somlói Galuska', '<p><strong>A Soml&oacute;i galuska egy hagyom&aacute;nyos magyar desszert...</strong></p>', 'desszert', 'https://pasakebab.hu/szekesfehervar/wp-content/uploads/sites/5/2020/08/IMG_4398-1.jpg', 0),
(4, 'Töltött Káposzta', '<p>A savany&uacute; k&aacute;posztalevelekbe dar&aacute;lt h&uacute;st &eacute;s rizst t&ouml;lt&uuml;nk...</p>', 'főétel', 'https://f0345cba75.cbaul-cdnwnd.com/c74b54ad868b3970d1351863bf68edf0/200000045-054670643e/73d17aa1febe65f721deb657e3c50d4b.jpg', 0),
(5, 'Rakott Krumpli', '<p>Krumplis &eacute;s toj&aacute;sos rakott &eacute;tel, tejf&ouml;llel megkenve.</p>', 'főétel', 'https://static.streetkitchen.hu/live/uploads/2021/04/daralt-husos-rakott-krumpli-1280x1920.jpg', 0),
(6, 'Főtt Rizs', '<p>Egyszerűen elk&eacute;sz&iacute;tett főtt rizs.</p>', 'köret', 'https://static.streetkitchen.hu/live/uploads/2020/07/mgg-vitchakorn-zxnc_lbbvge-unsplash-1280x1920.jpg', 0),
(7, 'Mákos Guba', '<p>Pisk&oacute;t&aacute;b&oacute;l k&eacute;sz&uuml;lt &eacute;dess&eacute;g m&aacute;kkal.</p>', 'desszert', 'https://static.streetkitchen.hu/live/uploads/2024/11/makos-guba-vaniliasodoval-2-scaled.jpg', 1),
(8, 'Káposztás Tészta', '<p>K&aacute;poszt&aacute;val &eacute;s t&eacute;szt&aacute;val k&eacute;sz&uuml;lt &eacute;tel.</p>', 'főétel', 'https://static.streetkitchen.hu/live/uploads/2020/07/kaposztas-teszta-talalva-1280x1920.jpg', 0),
(9, 'Gyümölcsleves', '<p>Friss gy&uuml;m&ouml;lcs&ouml;kből k&eacute;sz&uuml;lt leves.</p>', 'leves', 'https://www.karaidavid.hu/wp-content/uploads/2022/06/gyumolcsleves-9257_ps.jpg', 0),
(10, 'Borsóleves', '<p>Z&ouml;ldbors&oacute;b&oacute;l k&eacute;sz&uuml;lt leves.</p>', 'leves', 'https://static.streetkitchen.hu/live/uploads/2021/02/meguszos-klasszik-borso-leves-0111-lilla-4-egyedi-1280x1920.jpg', 0),
(11, 'Sütőtök Krémleves', '<p>S&uuml;tőt&ouml;kből k&eacute;sz&uuml;lt kr&eacute;mleves.</p>', 'leves', 'https://www.mindenmentes.hu/wp-content/uploads/2017/11/kokuszos-currys-sutotok-kremleves-5.jpg', 0),
(12, 'Rántott Zöldség', '<p>R&aacute;ntott z&ouml;lds&eacute;gek v&aacute;ltozatosan.</p>', 'köret', 'https://static.streetkitchen.hu/live/uploads/2020/04/rantott-burgonya-csipos-szosszal-1-1280x1920.jpg', 0),
(13, 'Gyümölcs Saláta', '<p>Friss gy&uuml;m&ouml;lcs&ouml;kből k&eacute;sz&uuml;lt sal&aacute;ta.</p>', 'előétel', 'https://static.streetkitchen.hu/live/uploads/2017/08/img_5022.jpg', 1),
(77, 'Bolognai', '<ol data-start=\"209\" data-end=\"884\">\n<li data-start=\"209\" data-end=\"320\"><strong data-start=\"212\" data-end=\"244\">Az alapanyagok elők&eacute;sz&iacute;t&eacute;se:</strong> A hagym&aacute;t finomra v&aacute;gjuk, a paradicsomokat megh&aacute;mozzuk, &eacute;s apr&oacute;ra v&aacute;gjuk.</li>\n<li data-start=\"321\" data-end=\"446\"><strong data-start=\"324\" data-end=\"343\">A h&uacute;s p&aacute;rol&aacute;sa:</strong> Egy serpenyőben forr&oacute; olajon megpir&iacute;tjuk a hagym&aacute;t, majd hozz&aacute;adjuk a sert&eacute;sh&uacute;st, &eacute;s j&oacute;l &aacute;tpir&iacute;tjuk.</li>\n<li data-start=\"447\" data-end=\"570\"><strong data-start=\"450\" data-end=\"476\">A fűszerek hozz&aacute;ad&aacute;sa:</strong> A pirospaprik&aacute;t, s&oacute;t, borsot &eacute;s cukrot hozz&aacute;adjuk a h&uacute;sos kever&eacute;khez, &eacute;s j&oacute;l &ouml;sszekeverj&uuml;k.</li>\n<li data-start=\"571\" data-end=\"714\"><strong data-start=\"574\" data-end=\"607\">Paradicsom &eacute;s bor hozz&aacute;ad&aacute;sa:</strong> Hozz&aacute;adjuk a paradicsomot &eacute;s a v&ouml;r&ouml;sbort, &eacute;s lefedve főzz&uuml;k 1-1,5 &oacute;r&aacute;n kereszt&uuml;l alacsony hőm&eacute;rs&eacute;kleten.</li>\n<li data-start=\"715\" data-end=\"801\"><strong data-start=\"718\" data-end=\"738\">A t&eacute;szta főz&eacute;se:</strong> A spagetti t&eacute;szt&aacute;t s&oacute;s v&iacute;zben kifőzz&uuml;k, majd lecsepegtetj&uuml;k.</li>\n<li data-start=\"802\" data-end=\"884\"><strong data-start=\"805\" data-end=\"817\">T&aacute;lal&aacute;s:</strong> A bolognait a főtt t&eacute;szt&aacute;ra &ouml;ntj&uuml;k, &eacute;s reszelt <strong>mozzarella sajttal</strong> t&aacute;laljuk.</li>\n</ol>\n<p data-start=\"886\" data-end=\"904\"><strong data-start=\"886\" data-end=\"902\">J&oacute; &eacute;tv&aacute;gyat!</strong></p>', 'főétel', 'https://static.streetkitchen.hu/live/uploads/2022/03/bolognai-ragu-8-scaled.jpg', 1),
(181, 'Csokis Tiramisu', '<ol>\n<li data-start=\"508\" data-end=\"729\"><strong data-start=\"508\" data-end=\"529\">A kr&eacute;m k&eacute;sz&iacute;t&eacute;se:</strong><br data-start=\"529\" data-end=\"532\">A <strong data-start=\"537\" data-end=\"559\">180 g főzőtejsz&iacute;nt</strong> egy l&aacute;basban k&ouml;zepes hőm&eacute;rs&eacute;kleten felmeleg&iacute;tj&uuml;k a <strong data-start=\"611\" data-end=\"635\">160 g &eacute;tcsokol&aacute;d&eacute;val</strong>. Amikor a csoki teljesen felolvadt, leh&uacute;zzuk a tűzről &eacute;s hagyjuk szobahőm&eacute;rs&eacute;kletűre hűlni.</li>\n<li data-start=\"731\" data-end=\"1069\">\n<p data-start=\"734\" data-end=\"1069\"><strong data-start=\"734\" data-end=\"761\">A habos kr&eacute;m k&eacute;sz&iacute;t&eacute;se:</strong><br data-start=\"761\" data-end=\"764\">A <strong data-start=\"769\" data-end=\"796\">600 g hideg habtejsz&iacute;nt</strong> egy t&aacute;lba &ouml;ntj&uuml;k, hozz&aacute;adjuk a <strong data-start=\"828\" data-end=\"852\">120 g krist&aacute;lycukrot</strong> &eacute;s a <strong data-start=\"858\" data-end=\"875\">1 r&uacute;d van&iacute;lia</strong> kikapart magjait, majd robotg&eacute;ppel kem&eacute;ny habb&aacute; verj&uuml;k.<br data-start=\"931\" data-end=\"934\">Ezt k&ouml;vetően beleforgatjuk a <strong data-start=\"966\" data-end=\"987\">350 g mascarpon&eacute;t</strong> &eacute;s az előzőleg elk&eacute;sz&iacute;tett csokis tejsz&iacute;nt, hogy egy sz&eacute;p homog&eacute;n kr&eacute;met kapjunk.</p>\n</li>\n<li data-start=\"1071\" data-end=\"1184\">\n<p data-start=\"1074\" data-end=\"1184\"><strong data-start=\"1074\" data-end=\"1106\">A k&aacute;v&eacute;s m&aacute;rtogat&oacute; k&eacute;sz&iacute;t&eacute;se:</strong><br data-start=\"1106\" data-end=\"1109\">A <strong data-start=\"1114\" data-end=\"1130\">200 ml k&aacute;v&eacute;t</strong> egy t&aacute;lban elkeverj&uuml;k a <strong data-start=\"1155\" data-end=\"1183\">3 ek holland kaka&oacute;porral</strong>.</p>\n</li>\n<li data-start=\"1186\" data-end=\"1595\">\n<p data-start=\"1189\" data-end=\"1595\"><strong data-start=\"1189\" data-end=\"1203\">R&eacute;tegez&eacute;s:</strong><br data-start=\"1203\" data-end=\"1206\">A t&aacute;l alj&aacute;ra egy r&eacute;teg csokis kr&eacute;met ken&uuml;nk, erre egy sor <strong data-start=\"1267\" data-end=\"1289\">40 db babapisk&oacute;t&aacute;t</strong> helyez&uuml;nk, amit előzőleg a <strong data-start=\"1317\" data-end=\"1347\">k&aacute;v&eacute;s kaka&oacute;poros kever&eacute;kbe</strong> m&aacute;rtunk.<br data-start=\"1356\" data-end=\"1359\">R&aacute;kenj&uuml;k egy &uacute;jabb r&eacute;teg csokis kr&eacute;met, megsz&oacute;rjuk <strong data-start=\"1413\" data-end=\"1441\">6 ek holland kaka&oacute;porral</strong>, majd ism&eacute;t j&ouml;het egy r&eacute;teg m&aacute;rtott babapisk&oacute;ta, csokis kr&eacute;m, kaka&oacute;por, &eacute;s &iacute;gy tov&aacute;bb, am&iacute;g elfogynak az alapanyagok. Az utols&oacute; r&eacute;teg mindig kr&eacute;m legyen.</p>\n</li>\n<li data-start=\"1597\" data-end=\"1775\">\n<p data-start=\"1600\" data-end=\"1775\"><strong data-start=\"1600\" data-end=\"1621\">Hűt&eacute;s &eacute;s t&aacute;lal&aacute;s:</strong><br data-start=\"1621\" data-end=\"1624\">A k&eacute;sz tiramisut hűtőbe tessz&uuml;k, minimum 2 &oacute;r&aacute;ra, de a legjobb, ha egy eg&eacute;sz &eacute;jszak&aacute;t tud &aacute;llni. T&aacute;lal&aacute;s előtt megsz&oacute;rjuk a tetej&eacute;t <strong data-start=\"1759\" data-end=\"1774\">kaka&oacute;porral</strong>.</p>\n</li>\n</ol>\n<h3 data-start=\"1782\" data-end=\"1807\"><strong data-start=\"1786\" data-end=\"1805\">Elk&eacute;sz&iacute;t&eacute;si idő</strong></h3>\n<ul data-start=\"1808\" data-end=\"1870\">\n<li data-start=\"1808\" data-end=\"1836\"><strong data-start=\"1810\" data-end=\"1826\">Elők&eacute;sz&iacute;t&eacute;s:</strong> 40 perc</li>\n<li data-start=\"1837\" data-end=\"1870\"><strong data-start=\"1839\" data-end=\"1854\">Hűt&eacute;si idő:</strong> minimum 2 &oacute;ra</li>\n</ul>', 'desszert', 'https://static.streetkitchen.hu/live/uploads/2024/11/csokis-tiramisu-4-scaled.jpg', 1);


INSERT INTO `recipe_ingredient` (`id`, `ingredient_id`, `recipe_id`, `quantity`) VALUES
(162, 1, 1, '5 db'),
(163, 2, 1, '3 db'),
(164, 3, 1, '2 db'),
(166, 8, 2, '4 szelet'),
(167, 9, 2, '2 db'),
(168, 9, 3, '4 db'),
(169, 10, 3, '150 g'),
(171, 13, 3, '3 dl'),
(172, 14, 3, '150 g'),
(173, 17, 3, '3 evőkanál'),
(174, 43, 3, '1 csomag'),
(175, 44, 3, '500 ml'),
(176, 45, 3, '100 g'),
(177, 48, 3, '200 g'),
(178, 49, 3, 'ízlés szerint'),
(179, 50, 3, 'ízlés szerint'),
(180, 2, 4, '500 ml'),
(181, 3, 4, '1 db'),
(182, 6, 4, 'ízlés szerint'),
(183, 7, 4, 'ízlés szerint'),
(184, 28, 4, '1 fej'),
(185, 29, 4, '200 g'),
(186, 30, 4, '500 g'),
(187, 6, 5, 'ízlés szerint'),
(188, 7, 5, 'ízlés szerint'),
(189, 9, 5, '4 db'),
(190, 22, 5, '1 kg'),
(191, 26, 5, '200 g'),
(192, 27, 5, '500 g'),
(193, 6, 6, 'ízlés szerint'),
(194, 23, 6, '500 ml'),
(195, 29, 6, '250 g'),
(196, 12, 7, '300 g'),
(197, 14, 7, 'ízlés szerint'),
(198, 23, 7, '500 ml'),
(199, 32, 7, '100 g'),
(200, 3, 8, '1 db'),
(201, 4, 8, '2 evőkanál'),
(202, 6, 8, 'ízlés szerint'),
(203, 7, 8, 'ízlés szerint'),
(204, 24, 8, '300 g'),
(205, 28, 8, '500 g'),
(206, 14, 9, 'ízlés szerint'),
(207, 19, 9, '300 g'),
(208, 23, 9, '1 l'),
(209, 2, 10, '300 g'),
(210, 3, 10, '1 db'),
(211, 6, 10, 'ízlés szerint'),
(212, 7, 10, 'ízlés szerint'),
(213, 23, 10, '1 l'),
(214, 6, 11, 'ízlés szerint'),
(215, 7, 11, 'ízlés szerint'),
(216, 23, 11, '1 l'),
(217, 27, 11, '100 g'),
(218, 30, 11, '500 g'),
(219, 1, 12, '300 g'),
(220, 4, 12, 'a sütéshez'),
(221, 6, 12, 'ízlés szerint'),
(222, 7, 12, 'ízlés szerint'),
(223, 9, 12, '2 db'),
(224, 10, 12, '100 g'),
(225, 11, 12, '100 g'),
(226, 6, 13, '1 evőkanál'),
(227, 14, 13, 'ízlés szerint'),
(228, 19, 13, '500 g'),
(256, 2, 77, '3 db'),
(257, 3, 77, '1 db'),
(258, 4, 77, '2 evőkanál'),
(259, 5, 77, '1 teáskanál'),
(260, 6, 77, 'ízlés szerint'),
(261, 7, 77, 'ízlés szerint'),
(262, 8, 77, '500 g'),
(263, 34, 77, '500 g'),
(264, 35, 77, '3 gerezd'),
(265, 36, 77, '1 evőkanál'),
(266, 37, 77, '1 teáskanál'),
(267, 16, 78, '1 kg'),
(268, 10, 79, '1'),
(269, 11, 80, '1'),
(272, 69, 77, '1 kg'),
(276, 4, 1, '3 ek'),
(277, 11, 81, '1 db'),
(278, 37, 81, '3 dkg'),
(279, 35, 81, 'kell sok'),
(280, 74, 181, '180 g'),
(281, 75, 181, '160 g'),
(282, 76, 181, '600 g'),
(283, 77, 181, '120 g'),
(284, 78, 181, '1 rúd'),
(285, 79, 181, '350 g'),
(286, 80, 181, '200 ml'),
(287, 82, 181, '9 ek'),
(288, 81, 181, '40 db'),
(289, 12, 182, '1 db'),
(290, 20, 182, '2 l');

INSERT INTO `users` (`id`, `name`, `email`, `password`, `admin`, `remember_token`, `created_at`, `updated_at`) VALUES
(1, 'Norbert', 'gillich.norbert@icloud.com', '$2y$12$173nhpko/r1rGsKCQFD2NeQzyIY/PZurBx6gE4N5MIhPwHqPFPgmu', 2, NULL, '2025-02-20 16:21:40', '2025-02-20 16:21:40'),
(2, 'Norbi', 'norbinstechnik@gmail.com', '$2y$12$oPuWKh491APN825gsGlok.0HV71N34FfUi7.MOHQ1YtfS90Gok3le', 0, NULL, '2025-02-20 19:08:51', '2025-03-03 12:53:09'),
(3, 'simaAdmin', 'trala@gmail.com', '$2y$12$dyIeIap0udIgG0LPttSlJuM8v4JcKUnTAiqSjoFD.yDW5hP5Qy8Dq', 1, NULL, '2025-02-20 19:27:00', '2025-03-02 14:13:15'),
(4, 'Attila', 'jager@attila.hu', '$2y$12$57YKLeEqb7R/YAh6fkoICeKf3jirCnYH5tzu3ox8DDs5yWFe615yi', 0, NULL, '2025-02-21 12:55:06', '2025-03-02 14:13:15'),
(5, 'Ács Bence', 'acs@bence.hu', '$2y$12$jmTdIeuBNmQtbhIJX5myhOBKH94MZGztbKU2dwf5wjKXfWhRsOkQq', 0, NULL, '2025-02-21 13:30:28', '2025-02-28 12:58:04'),
(8, 'Bálint Dezső Géza', 'balint@dezso.hu', '$2y$12$cNXKtfmWCRi01Kd90ECVpO7DAQsl3/RcV/DY6Ii2/v0UczyLumUSO', 0, NULL, '2025-02-21 13:36:54', '2025-02-28 12:23:26'),
(9, 'sibidi dijcsland', 'nembaszlakat123@gmail.com', '$2y$12$f1ZeGLv4.WIjjty8P9YULOWOYweOJN2rxMM3ARVJhloeJ8mOEc92K', 0, NULL, '2025-02-21 18:04:45', '2025-02-21 18:04:45'),
(10, 'alma', 'alma@gmail.com', '$2y$12$/zwYyVwVygV0Wf1mPqfvUePIH6ZGyjlTaydPdEbXVONd/nAfYhr/i', 0, NULL, '2025-02-26 21:15:20', '2025-02-26 21:15:20'),
(11, 'Bence', 'acsbence@ktch.hu', '$2y$12$CaTRd8hZ1Pv6hCzMHom2c.8vYKXctVVEpeHWIA1aALdRizu.xvtSG', 1, NULL, '2025-02-28 13:03:23', '2025-03-01 21:57:38');
